{
  "best_model": "lr",
  "best_score": 0.9800197121731388,
  "all_results": {
    "nb": 0.9745705427658132,
    "lr": 0.9800197121731388,
    "svm": 0.9799593865228756
  }
}