{
  "best_model": "lr",
  "best_score": 0.976526047156148,
  "all_results": {
    "nb": 0.9651382352692374,
    "lr": 0.976526047156148,
    "svm": 0.9746460657063512
  }
}